id,name,type,rank,slug
1,EOS,token,1,eos
2,USDT,token,2,tether
3,BNB,token,3,binance-coin
4,VEN,token,4,vechain
5,OMG,token,5,omisego
6,ONT,token,6,ontology
7,ZIL,token,7,zilliqa
8,ZRX,token,8,0x
9,AE,token,9,aeternity
10,MKR,token,10,maker
11,REP,token,11,augur
12,BTM,token,12,bytom
13,KCS,token,13,kucoin-shares
14,NPXS,token,14,pundi-x
15,WTC,token,15,waltonchain
16,BAT,token,16,basic-attention-token
17,GNT,token,17,golem-network-tokens
18,PPT,token,18,populous
19,RHOC,token,19,rchain
20,SNT,token,20,status
21,MITH,token,21,mithril
22,DGD,token,22,digixdao
23,XIN,token,23,mixin
24,IOST,token,24,iostoken
25,AION,token,25,aion
26,MAID,token,26,maidsafecoin
27,LRC,token,27,loopring
28,ELF,token,28,aelf
29,FUN,token,29,funfair
30,KNC,token,30,kyber-network
31,LOOM,token,31,loom-network
32,VERI,token,32,veritaseum
33,DCN,token,33,dentacoin
34,GAS,token,34,gas
35,WAX,token,35,wax
36,BNT,token,36,bancor
37,ETHOS,token,37,ethos
38,NULS,token,38,nuls
39,MCO,token,39,monaco
40,DROP,token,40,dropil
41,POWR,token,41,power-ledger
42,KIN,token,42,kin
43,CMT,token,43,cybermiles
44,MANA,token,44,decentraland
45,QASH,token,45,qash
46,PAYX,token,46,paypex
47,POLY,token,47,polymath-network
48,NOAH,token,48,noah-coin
49,CTXC,token,49,cortex
50,THETA,token,50,theta-token
51,ENG,token,51,enigma-project
52,TUSD,token,52,trueusd
53,SUB,token,53,substratum
54,GTO,token,54,gifto
55,CENNZ,token,55,centrality
56,DDD,token,56,scryinfo
57,PAY,token,57,tenx
58,LINK,token,58,chainlink
59,BIX,token,59,bibox-token
60,STORM,token,60,storm
61,FSN,token,61,fusion
62,GTC,token,62,game
63,SALT,token,63,salt
64,DRGN,token,64,dragonchain
65,ODE,token,65,odem
66,MAN,token,66,matrix-ai-network
67,HPB,token,67,high-performance-blockchain
68,CVC,token,68,civic
69,CVT,token,69,cybervein
70,AGI,token,70,singularitynet
71,STORJ,token,71,storj
72,SAN,token,72,santiment
73,RLC,token,73,rlc
74,ICN,token,74,iconomi
75,R,token,75,revain
76,NCASH,token,76,nucleus-vision
77,MDS,token,77,medishares
78,HOT,token,78,holo
79,DAI,token,79,dai
80,DBC,token,80,deepbrain-chain
81,BFT,token,81,bnktothefuture
82,NEXO,token,82,nexo
83,TTU,token,83,tatatu
84,SMT,token,84,smartmesh
85,TNB,token,85,time-new-bank
86,BLZ,token,86,bluzelle
87,REQ,token,87,request-network
88,MTC,token,88,docademic
89,GNO,token,89,gnosis-gno
90,ENJ,token,90,enjin-coin
91,DATA,token,91,streamr-datacoin
92,IGNIS,token,92,ignis
93,ANT,token,93,aragon
94,TKY,token,94,thekey
95,SNM,token,95,sonm
96,ABT,token,96,arcblock
97,CND,token,97,cindicator
98,RUFF,token,98,ruff
99,DENT,token,99,dent
100,BTO,token,100,bottos
101,AMB,token,101,amber
102,PLR,token,102,pillar
103,TRUE,token,103,true-chain
104,QSP,token,104,quantstamp
105,STQ,token,105,storiqa
106,CS,token,106,credits
107,DTR,token,107,dynamic-trading-rights
108,DEW,token,108,dew
109,SRN,token,109,sirin-labs-token
110,SOC,token,110,all-sports
111,POE,token,111,poet
112,SAFEX,token,112,safe-exchange-coin
113,RDN,token,113,raiden-network-token
114,BRD,token,114,bread
115,SKB,token,115,sakura-bloom
116,ATX,token,116,aston
117,AUTO,token,117,cube
118,GNX,token,118,genaro-network
119,VEE,token,119,blockv
120,EOSDAC,token,120,eosdac
121,C20,token,121,c20
122,EKT,token,122,educare
123,MFT,token,123,mainframe
124,KEY,token,124,selfkey
125,TEN,token,125,tokenomy
126,OCN,token,126,odyssey
127,DAX,token,127,daex
128,MTL,token,128,metal
129,SPHTX,token,129,sophiatx
130,NEC,token,130,nectar
131,CRPT,token,131,crypterium
132,TEL,token,132,telcoin
133,IHT,token,133,iht-real-estate-protocol
134,TIO,token,134,trade-token
135,BITCNY,token,135,bitcny
136,EDG,token,136,edgeless
137,CPX,token,137,apex
138,IOTX,token,138,iotex
139,INK,token,139,ink
140,HYDRO,token,140,hydrogen
141,DTA,token,141,data
142,LEND,token,142,ethlend
143,KICK,token,143,kickico
144,NKN,token,144,nkn
145,RPX,token,145,red-pulse
146,LGO,token,146,legolas-exchange
147,EDR,token,147,endor-protocol
148,GVT,token,148,genesis-vision
149,QKC,token,149,quarkchain
150,RKT,token,150,rock
151,TERN,token,151,ternio
152,ADX,token,152,adx-net
153,EDO,token,153,eidoo
154,TRAC,token,154,origintrail
155,ITC,token,155,iot-chain
156,UTK,token,156,utrust
157,TKN,token,157,tokencard
158,NANJ,token,158,nanjcoin
159,SPANK,token,159,spankchain
160,LYL,token,160,loyalcoin
161,JNT,token,161,jibrel-network
162,INT,token,162,internet-node-token
163,DCC,token,163,distributed-credit-chain
164,DPY,token,164,delphy
165,AST,token,165,airswap
166,WGR,token,166,wagerr
167,SWFTC,token,167,swftcoin
168,OST,token,168,ost
169,DNT,token,169,district0x
170,REN,token,170,republic-protocol
171,HOT,token,171,hydro-protocol
172,ATN,token,172,atn
173,PAI,token,173,pchain
174,SNGLS,token,174,singulardtv
175,RNTB,token,175,bitrent
176,RCN,token,176,ripio-credit-network
177,QRL,token,177,quantum-resistant-ledger
178,CPT,token,178,cryptaur
179,MOBI,token,179,mobius
180,TOMO,token,180,tomochain
181,BAX,token,181,babb
182,PPP,token,182,paypie
183,UTNP,token,183,universa
184,EXC,token,184,eximchain
185,LYM,token,185,lympo
186,COV,token,186,covesting
187,APPC,token,187,appcoins
188,MGO,token,188,mobilego
189,CREDO,token,189,credo
190,APIS,token,190,apis
191,RNT,token,191,oneroot-network
192,FXT,token,192,fuzex
193,STX,token,193,stox
194,WINGS,token,194,wings
195,SXDT,token,195,spectre-dividend
196,WPR,token,196,wepower
197,CPC,token,197,cpchain
198,MRK,token,198,mark-space
199,YEE,token,199,yee
200,MOD,token,200,modum
201,AURA,token,201,aurora-dao
202,ZCN,token,202,0chain
203,MSP,token,203,mothership
204,TNT,token,204,tierion
205,PRE,token,205,presearch
206,ZPT,token,206,zeepin
207,TCT,token,207,tokenclub
208,FUEL,token,208,etherparty
209,NGC,token,209,naga
210,INS,token,210,ins-ecosystem
211,LUN,token,211,lunyr
212,IXT,token,212,ixledger
213,UGC,token,213,ugchain
214,WABI,token,214,wabi
215,DATX,token,215,datx
216,UTT,token,216,uttoken
217,OCT,token,217,oraclechain
218,BANCA,token,218,banca
219,HAV,token,219,havven
220,MEDX,token,220,medx
221,DOCK,token,221,dock
222,HST,token,222,decision-token
223,COB,token,223,cobinhood
224,ZCO,token,224,zebi
225,IVY,token,225,ivy
226,CDT,token,226,blox
227,TAAS,token,227,taas
228,PST,token,228,primas
229,YOYOW,token,229,yoyow
230,HVN,token,230,hive-project
231,MED,token,231,medibloc
232,EVN,token,232,envion
233,DAT,token,233,datum
234,BZNT,token,234,bezant
235,CAS,token,235,cashaa
236,VIBE,token,236,vibe
237,TFD,token,237,te-food
238,SENT,token,238,sentinel
239,MLN,token,239,melon
240,BKX,token,240,bankex
241,FOTA,token,241,fortuna
242,SWM,token,242,swarm-fund
243,XDCE,token,243,xinfin-network
244,SOAR,token,244,soarcoin
245,QLC,token,245,qlink
246,QBT,token,246,qbao
247,XMX,token,247,xmax
248,VIB,token,248,viberate
249,BMC,token,249,blackmoon
250,BCPT,token,250,blockmason
251,1ST,token,251,firstblood
252,CEEK,token,252,ceek-vr
253,BITUSD,token,253,bitusd
254,CBC,token,254,cashbet-coin
255,AIT,token,255,aichain
256,PEPECASH,token,256,pepe-cash
257,BRM,token,257,brahmaos
258,TRIG,token,258,triggers
259,QUN,token,259,qunqun
260,UUU,token,260,u-network
261,UKG,token,261,unikoin-gold
262,HMQ,token,262,humaniq
263,GRID,token,263,grid
264,ART,token,264,maecenas
265,MER,token,265,mercury
266,ELEC,token,266,electrifyasia
267,COSS,token,267,coss
268,DAG,token,268,constellation
269,ZSC,token,269,zeusshield
270,AMP,token,270,synereo
271,KRM,token,271,karma
272,CMCT,token,272,crowd-machine
273,PRL,token,273,oyster
274,ORME,token,274,ormeus-coin
275,XRL,token,275,rialto
276,CFI,token,276,cofound-it
277,EVX,token,277,everex
278,SLT,token,278,smartlands
279,QAU,token,279,quantum
280,MTN,token,280,medical-chain
281,STK,token,281,stk
282,SPC,token,282,spacechain
283,MOT,token,283,olympus-labs
284,PRO,token,284,propy
285,BLT,token,285,bloomtoken
286,NTK,token,286,neurotoken
287,PLBT,token,287,polybius
288,INCNT,token,288,incent
289,MDA,token,289,moeda-loyalty-points
290,PRA,token,290,prochain
291,DADI,token,291,dadi
292,TIME,token,292,chronobank
293,DBET,token,293,decent-bet
294,XYO,token,294,xyo-network
295,DXT,token,295,datawallet
296,ACAT,token,296,alphacat
297,LA,token,297,latoken
298,RMT,token,298,sureremit
299,BOT,token,299,bodhi
300,MVP,token,300,merculet
301,NMR,token,301,numeraire
302,RFR,token,302,refereum
303,AIDOC,token,303,aidoc
304,NEU,token,304,neumark
305,SWTH,token,305,switcheo
306,TNC,token,306,trinity-network-credit
307,SNC,token,307,suncontract
308,ADT,token,308,adtoken
309,DIM,token,309,dimcoin
310,RTE,token,310,rate3
311,MWAT,token,311,restart-energy-mwat
312,SSP,token,312,smartshare
313,MTH,token,313,monetha
314,DTB,token,314,databits
315,TIX,token,315,blocktix
316,CV,token,316,carvertical
317,ALX,token,317,alax
318,LOC,token,318,lockchain
319,UQC,token,319,uquid-coin
320,TAU,token,320,lamden
321,OAX,token,321,oax
322,DMT,token,322,dmarket
323,XES,token,323,proxeus
324,ARN,token,324,aeron
325,GEM,token,325,gems-protocol
326,CHP,token,326,coinpoker
327,GUP,token,327,guppy
328,DIVX,token,328,divi
329,PRG,token,329,paragon
330,MDT,token,330,measurable-data-token
331,HUR,token,331,hurify
332,ATM,token,332,attention-token-of-media
333,CHSB,token,333,swissborg
334,BBN,token,334,banyan-network
335,HMC,token,335,hi-mutual-society
336,DLT,token,336,agrello-delta
337,DICE,token,337,etheroll
338,TSL,token,338,energo
339,SRCOIN,token,339,srcoin
340,HKN,token,340,hacken
341,REM,token,341,remme
342,SOUL,token,342,phantasma
343,ABYSS,token,343,the-abyss
344,PKC,token,344,pikciochain
345,CVCOIN,token,345,cvcoin
346,BPT,token,346,blockport
347,EKO,token,347,echolink
348,UP,token,348,uptoken
349,NKC,token,349,nework
350,NPX,token,350,napoleonx
351,CAPP,token,351,cappasity
352,NBAI,token,352,nebula-ai
353,FDZ,token,353,friends
354,HER,token,354,heronode
355,LIFE,token,355,life
356,ZRC,token,356,zrcoin
357,ETK,token,357,energitoken
358,GEN,token,358,daostack
359,ELIX,token,359,elixir
360,ADH,token,360,adhive
361,REBL,token,361,rebl
362,PAT,token,362,patron
363,AVT,token,363,aventus
364,DRT,token,364,domraider
365,FLUZ,token,365,fluz-fluz
366,IPL,token,366,insurepal
367,PAL,token,367,policypal-network
368,SNTR,token,368,silent-notary
369,IDH,token,369,indahash
370,SHIP,token,370,shipchain
371,BERRY,token,371,rentberry
372,CSNO,token,372,bitdice
373,UCASH,token,373,ucash
374,ORS,token,374,origin-sport
375,RED,token,375,red
376,EXRN,token,376,exrnchain
377,LEV,token,377,leverj
378,FACE,token,378,faceter
379,RVT,token,379,rivetz
380,CCCX,token,380,clipper-coin
381,APH,token,381,aphelion
382,GET,token,382,get-protocol
383,MTX,token,383,matryx
384,UBT,token,384,unibright
385,GAM,token,385,gambit
386,FID,token,386,fidelium
387,EFX,token,387,effect-ai
388,IFT,token,388,investfeed
389,NXC,token,389,nexium
390,LATX,token,390,latiumx
391,CAG,token,391,change
392,XAUR,token,392,xaurum
393,DGTX,token,393,digitex-futures
394,AXP,token,394,axpire
395,NCT,token,395,polyswarm
396,ERO,token,396,eroscoin
397,ZAP,token,397,zap
398,OMX,token,398,shivom
399,SEXC,token,399,sharex
400,SWT,token,400,swarm-city
401,FLDC,token,401,foldingcoin
402,APX,token,402,apx
403,IDXM,token,403,idex-membership
404,DEB,token,404,debitum-network
405,CXO,token,405,cargox
406,AIR,token,406,airtoken
407,B2B,token,407,b2bx
408,PKT,token,408,playkey
409,BDG,token,409,bitdegree
410,AID,token,410,aidcoin
411,DOVU,token,411,dovu
412,SS,token,412,sharder
413,LALA,token,413,lala-world
414,DOT,token,414,dotcoin
415,WCT,token,415,waves-community-token
416,PUT,token,416,profile-utility-token
417,EVR,token,417,everus
418,CAN,token,418,canyacoin
419,NET,token,419,nimiq-exchange-token
420,CFUN,token,420,cfun
421,TFL,token,421,trueflip
422,SENC,token,422,sentinel-chain
423,PTOY,token,423,patientory
424,HBZ,token,424,helbiz
425,POLL,token,425,clearpoll
426,CAT,token,426,bitclave
427,BCY,token,427,bitcrystals
428,BEZ,token,428,bezop
429,FLIXX,token,429,flixxo
430,SNOV,token,430,snovio
431,XPA,token,431,xpa
432,BNTY,token,432,bounty0x
433,MYB,token,433,mybit-token
434,MYST,token,434,mysterium
435,PBT,token,435,primalbase
436,PARETO,token,436,pareto-network
437,ZLA,token,437,zilla
438,DNA,token,438,encrypgen
439,CBT,token,439,commerceblock
440,NPER,token,440,nper
441,MITX,token,441,morpheus-labs
442,J8T,token,442,jet8
443,PRIX,token,443,privatix
444,CLN,token,444,colu-local-network
445,1WO,token,445,1world
446,ADB,token,446,adbank
447,EXY,token,447,experty
448,XNK,token,448,ink-protocol
449,TRST,token,449,trust
450,COFI,token,450,coinfi
451,LNC,token,451,linker-coin
452,COVAL,token,452,circuits-of-value
453,ALIS,token,453,alis
454,VME,token,454,verime
455,BEE,token,455,bee-token
456,LND,token,456,lendingblock
457,ZIPT,token,457,zippie
458,PCL,token,458,peculium
459,BLUE,token,459,ethereum-blue
460,REAL,token,460,real
461,EVE,token,461,devery
462,HBT,token,462,hubii-network
463,LDC,token,463,leadcoin
464,BSTN,token,464,bitstation
465,GLA,token,465,gladius-token
466,ARY,token,466,block-array
467,SIG,token,467,signal-token
468,SSS,token,468,sharechain
469,HQX,token,469,hoqu
470,DTH,token,470,dether
471,SETH,token,471,sether
472,INSTAR,token,472,insights-network
473,LOCI,token,473,locicoin
474,TKS,token,474,tokes
475,FDX,token,475,fidentiax
476,VIT,token,476,vice-industry-token
477,0xBTC,token,477,0xbtc
478,GEO,token,478,geocoin
479,HAC,token,479,hackspace-capital
480,ALT,token,480,altcoin-alt
481,THRT,token,481,thrive-token
482,IND,token,482,indorse-token
483,SCL,token,483,sociall
484,AUC,token,484,auctus
485,EZT,token,485,eztoken
486,ADST,token,486,adshares
487,SXUT,token,487,spectre-utility
488,AVA,token,488,travala
489,WRC,token,489,worldcore
490,IPSX,token,490,ip-exchange
491,PBL,token,491,publica
492,ZEPH,token,492,zephyr
493,ADI,token,493,aditus
494,ATL,token,494,atlant
495,LEDU,token,495,education-ecosystem
496,PFR,token,496,payfair
497,QWARK,token,497,qwark
498,SPF,token,498,sportyco
499,BELA,token,499,belacoin
500,FLP,token,500,flip
501,SHL,token,501,oyster-shell
502,HGT,token,502,hellogold
503,UFR,token,503,upfiring
504,VZT,token,504,vezt
505,FTX,token,505,fintrux-network
506,GAT,token,506,gatcoin
507,FND,token,507,fundrequest
508,TKA,token,508,tokia
509,VOISE,token,509,voisecom
510,TRAK,token,510,trakinvest
511,DGX,token,511,digix-gold-token
512,MVC,token,512,maverick-chain
513,PMNT,token,513,paymon
514,CL,token,514,coinlancer
515,TIE,token,515,tiesdb
516,GMT,token,516,mercury-protocol
517,HORSE,token,517,ethorse
518,INXT,token,518,internxt
519,NAVI,token,519,naviaddress
520,WISH,token,520,mywish
521,PLAY,token,521,herocoin
522,OTN,token,522,open-trading-network
523,AIX,token,523,aigang
524,AMLT,token,524,amlt
525,ING,token,525,iungo
526,GETX,token,526,guaranteed-ethurance-token-extra
527,GENE,token,527,parkgene
528,VIU,token,528,viuly
529,SGR,token,529,sugar-exchange
530,FSBT,token,530,forty-seven-bank
531,PING,token,531,cryptoping
532,CHX,token,532,chainium
533,PIX,token,533,lampix
534,ETBS,token,534,ethbits
535,BBO,token,535,bigbom
536,BON,token,536,bonpay
537,ONL,token,537,on-live
538,STAR,token,538,starbase
539,FT,token,539,fabric-token
540,BOB,token,540,bobs-repair
541,ONG,token,541,ongsocial
542,REF,token,542,reftoken
543,EBTC,token,543,ebtcnew
544,XBP,token,544,blitzpredict
545,DAN,token,545,daneel
546,XNN,token,546,xenon
547,AMM,token,547,micromoney
548,SKIN,token,548,skincoin
549,HAT,token,549,hat-exchange
550,EFYT,token,550,ergo
551,STAC,token,551,startercoin
552,ACE,token,552,ace
553,PYLNT,token,553,pylon-network
554,NIO,token,554,autonio
555,BOUTS,token,555,boutspro
556,DGPT,token,556,digipulse
557,KNDC,token,557,kanadecoin
558,TRCT,token,558,tracto
559,MFG,token,559,syncfab
560,TEAM,token,560,tokenstars
561,INV,token,561,invacio
562,DAY,token,562,chronologic
563,OPT,token,563,opus
564,HERO,token,564,sovereign-hero
565,PHI,token,565,phi-token
566,BITS,token,566,bitswift
567,AMN,token,567,amon
568,LIVE,token,568,live-stars
569,MRT,token,569,miners-reward-token
570,CRB,token,570,creditbit
571,LNC,token,571,blocklancer
572,HIRE,token,572,hirematch
573,NDC,token,573,neverdie
574,ESZ,token,574,ethersportz
575,EARTH,token,575,earth-token
576,TDX,token,576,tidex-token
577,SGN,token,577,signals-network
578,TIG,token,578,tigereum
579,STU,token,579,student-coin
580,KLN,token,580,kolion
581,BTRN,token,581,biotron
582,SUR,token,582,suretly
583,EPY,token,583,emphy
584,ORI,token,584,origami
585,RLT,token,585,roulettetoken
586,MORE,token,586,more-coin
587,MBRS,token,587,embers
588,DTRC,token,588,datarius-credit
589,SCT,token,589,soma
590,DRPU,token,590,drp-utility
591,EQL,token,591,equal
592,ZINC,token,592,zinc
593,MCAP,token,593,mcap
594,WILD,token,594,wild-crypto
595,ITT,token,595,intelligent-trading-foundation
596,ELTCOIN,token,596,eltcoin
597,TDS,token,597,tokendesk
598,QVT,token,598,qvolta
599,VRS,token,599,veros
600,JET,token,600,jetcoin
601,ECASH,token,601,ethereumcash
602,TNS,token,602,transcodium
603,ACC,token,603,accelerator-network
604,YUP,token,604,crowdholding
605,MNE,token,605,minereum
606,BITGOLD,token,606,bitgold
607,KBR,token,607,kubera-coin
608,GRMD,token,608,greenmed
609,ARCT,token,609,arbitragect
610,CTX,token,610,cartaxi-token
611,EAGLE,token,611,eaglecoin
612,TKR,token,612,trackr
613,BITEUR,token,613,biteur
614,WGO,token,614,wavesgo
615,FRV,token,615,fitrova
616,DALC,token,616,dalecoin
617,GUESS,token,617,guess
618,ESC,token,618,escoro
619,BAS,token,619,bitasean
620,AI,token,620,poly-ai
621,BTC,coin,1,bitcoin
622,ETH,coin,2,ethereum
623,XRP,coin,3,ripple
624,BCH,coin,4,bitcoin-cash
625,LTC,coin,5,litecoin
626,XLM,coin,6,stellar
627,ADA,coin,7,cardano
628,MIOTA,coin,8,iota
629,TRX,coin,9,tron
630,NEO,coin,10,neo
631,XMR,coin,11,monero
632,DASH,coin,12,dash
633,ETC,coin,13,ethereum-classic
634,XEM,coin,14,nem
635,XTZ,coin,15,tezos
636,ZEC,coin,16,zcash
637,QTUM,coin,17,qtum
638,BCN,coin,18,bytecoin-bcn
639,LSK,coin,19,lisk
640,ICX,coin,20,icon
641,BTG,coin,21,bitcoin-gold
642,DCR,coin,22,decred
643,BTS,coin,23,bitshares
644,DGB,coin,24,digibyte
645,SC,coin,25,siacoin
646,STEEM,coin,26,steem
647,XVG,coin,27,verge
648,NANO,coin,28,nano
649,BCD,coin,29,bitcoin-diamond
650,WAVES,coin,30,waves
651,DOGE,coin,31,dogecoin
652,STRAT,coin,32,stratis
653,WAN,coin,33,wanchain
654,HSR,coin,34,hshare
655,BTCP,coin,35,bitcoin-private
656,KMD,coin,36,komodo
657,HT,coin,37,huobi-token
658,GXS,coin,38,gxchain
659,ARDR,coin,39,ardor
660,NAS,coin,40,nebulas-token
661,ARK,coin,41,ark
662,MONA,coin,42,monacoin
663,RDD,coin,43,reddcoin
664,CNX,coin,44,cryptonex
665,EMC,coin,45,emercoin
666,PIVX,coin,46,pivx
667,MOAC,coin,47,moac
668,ELA,coin,48,elastos
669,ZEN,coin,49,zencash
670,FCT,coin,50,factom
671,XZC,coin,51,zcoin
672,SMART,coin,52,smartcash
673,NXT,coin,53,nxt
674,ETN,coin,54,electroneum
675,GBYTE,coin,55,byteball
676,SYS,coin,56,syscoin
677,NXS,coin,57,nexus
678,WICC,coin,58,waykichain
679,SKY,coin,59,skycoin
680,TPAY,coin,60,tokenpay
681,BLOCK,coin,61,blocknet
682,BTCD,coin,62,bitcoindark
683,NEBL,coin,63,neblio
684,ETP,coin,64,metaverse
685,PART,coin,65,particl
686,ACT,coin,66,achain
687,NTY,coin,67,nexty
688,VTC,coin,68,vertcoin
689,GRS,coin,69,groestlcoin
690,PZM,coin,70,prizm
691,XAS,coin,71,asch
692,UBQ,coin,72,ubiq
693,GO,coin,73,gochain
694,POA,coin,74,poa-network
695,XDN,coin,75,digitalnote
696,BOS,coin,76,boscoin
697,PPC,coin,77,peercoin
698,ZCL,coin,78,zclassic
699,BCI,coin,79,bitcoin-interest
700,BCO,coin,80,bridgecoin
701,UNO,coin,81,unobtanium
702,XPM,coin,82,primecoin
703,GAME,coin,83,gamecredits
704,XSN,coin,84,stakenet
705,XWC,coin,85,whitecoin
706,BAY,coin,86,bitbay
707,NAV,coin,87,nav-coin
708,BTX,coin,88,bitcore
709,MNX,coin,89,minexcoin
710,BURST,coin,90,burst
711,EMC2,coin,91,einsteinium
712,ECA,coin,92,electra
713,VIA,coin,93,viacoin
714,SLS,coin,94,salus
715,LCC,coin,95,litecoin-cash
716,NLG,coin,96,gulden
717,AEON,coin,97,aeon
718,XCP,coin,98,counterparty
719,LINDA,coin,99,linda
720,NMC,coin,100,namecoin
721,RVN,coin,101,ravencoin
722,ION,coin,102,ion
723,CLOAK,coin,103,cloakcoin
724,SBD,coin,104,steem-dollars
725,HTML,coin,105,html-coin
726,LBC,coin,106,library-credit
727,GIN,coin,107,gincoin
728,$PAC,coin,108,paccoin
729,DCT,coin,109,decent
730,FTC,coin,110,feathercoin
731,PHR,coin,111,phore
732,ECC,coin,112,eccoin
733,XP,coin,113,experience-points
734,LEO,coin,114,leocoin
735,CSC,coin,115,casinocoin
736,LET,coin,116,linkeye
737,PPY,coin,117,peerplays-ppy
738,PURA,coin,118,pura
739,TTT,coin,119,trustnote
740,FAIR,coin,120,faircoin
741,XBY,coin,121,xtrabytes
742,THC,coin,122,hempcoin
743,XEL,coin,123,elastic
744,SHIFT,coin,124,shift
745,COLX,coin,125,colossusxt
746,BIS,coin,126,bismuth
747,SSC,coin,127,selfsell
748,ONION,coin,128,deeponion
749,XSH,coin,129,shield-xsh
750,POT,coin,130,potcoin
751,PASC,coin,131,pascal-coin
752,BBR,coin,132,boolberry
753,BITG,coin,133,bitcoin-green
754,GRC,coin,134,gridcoin
755,BLK,coin,135,blackcoin
756,RVR,coin,136,revolutionvr
757,LUX,coin,137,luxcoin
758,DEV,coin,138,deviantcoin
759,MUE,coin,139,monetaryunit
760,EDR,coin,140,e-dinar-coin
761,VRC,coin,141,vericoin
762,BITB,coin,142,bean-cash
763,OXY,coin,143,oxycoin
764,DMD,coin,144,diamond
765,NYC,coin,145,newyorkcoin
766,EXP,coin,146,expanse
767,CLAM,coin,147,clams
768,AU,coin,148,aurumcoin
769,DIME,coin,149,dimecoin
770,MOON,coin,150,mooncoin
771,CRW,coin,151,crown
772,RADS,coin,152,radium
773,FLASH,coin,153,flash
774,ALQO,coin,154,alqo
775,SHND,coin,155,stronghands
776,CLO,coin,156,callisto-network
777,IOC,coin,157,iocoin
778,TCC,coin,158,the-champcoin
779,SIB,coin,159,sibcoin
780,DBIX,coin,160,dubaicoin-dbix
781,NLC2,coin,161,nolimitcoin
782,RMC,coin,162,russian-mining-coin
783,GCR,coin,163,global-currency-reserve
784,HXX,coin,164,hexx
785,SLR,coin,165,solarcoin
786,BWK,coin,166,bulwark
787,SUMO,coin,167,sumokoin
788,NOTE,coin,168,dnotes
789,BCA,coin,169,bitcoin-atom
790,DYN,coin,170,dynamic
791,OMNI,coin,171,omni
792,NEOS,coin,172,neoscoin
793,NVC,coin,173,novacoin
794,XMY,coin,174,myriad
795,FLO,coin,175,florincoin
796,SPRTS,coin,176,sprouts
797,LMC,coin,177,lomocoin
798,RISE,coin,178,rise
799,BSD,coin,179,bitsend
800,MUSIC,coin,180,musicoin
801,XST,coin,181,stealth
802,OK,coin,182,okcash
803,LOKI,coin,183,loki
804,MEDIC,coin,184,mediccoin
805,GRFT,coin,185,graft
806,PIRL,coin,186,pirl
807,XSPEC,coin,187,spectrecoin
808,TUBE,coin,188,bit-tube
809,MAX,coin,189,maxcoin
810,GOLOS,coin,190,golos
811,TRF,coin,191,travelflex
812,BCC,coin,192,bitconnect
813,PND,coin,193,pandacoin-pnd
814,PINK,coin,194,pinkcoin
815,ENRG,coin,195,energycoin
816,XLR,coin,196,solaris
817,POLIS,coin,197,polis
818,GBX,coin,198,gobyte
819,MLM,coin,199,mktcoin
820,CURE,coin,200,curecoin
821,GCC,coin,201,global-cryptocurrency
822,HEAT,coin,202,heat-ledger
823,AUR,coin,203,auroracoin
824,BTCZ,coin,204,bitcoinz
825,ESP,coin,205,espers
826,HWC,coin,206,hollywoodcoin
827,TOA,coin,207,toacoin
828,MINT,coin,0,mintcoin
829,ATB,coin,209,atbcoin
830,LWF,coin,210,local-world-forwarders
831,MSR,coin,0,masari
832,SPD,coin,212,stipend
833,ABY,coin,213,artbyte
834,SYNX,coin,214,syndicate
835,PTC,coin,215,pesetacoin
836,KORE,coin,216,korecoin
837,2GIVE,coin,217,2give
838,XHI,coin,218,hicoin
839,XBC,coin,219,bitcoin-plus
840,YOC,coin,220,yocoin
841,SPR,coin,221,spreadcoin
842,BUZZ,coin,222,buzzcoin
843,IOP,coin,223,internet-of-people
844,GLD,coin,224,goldcoin
845,XHV,coin,225,haven-protocol
846,SEND,coin,226,social-send
847,USNBT,coin,227,nubits
848,ERC,coin,228,europecoin
849,NTRN,coin,229,neutron
850,ZOI,coin,230,zoin
851,SPHR,coin,231,sphere
852,RUPX,coin,232,rupaya
853,CPC,coin,233,capricoin
854,TIPS,coin,234,fedoracoin
855,CBX,coin,235,bullion
856,RIC,coin,236,riecoin
857,DOPE,coin,237,dopecoin
858,TX,coin,238,transfercoin
859,UNIT,coin,239,universal-currency
860,DERO,coin,240,dero
861,TRC,coin,241,terracoin
862,VRM,coin,242,veriumreserve
863,BRX,coin,243,breakout-stake
864,EBST,coin,244,eboostcoin
865,APR,coin,245,apr-coin
866,MEME,coin,246,memetic
867,KRB,coin,247,karbo
868,EXCL,coin,248,exclusivecoin
869,ZEIT,coin,249,zeitcoin
870,BIO,coin,250,biocoin
871,FOR,coin,251,force
872,1337,coin,252,1337coin
873,CMPCO,coin,253,campuscoin
874,CANN,coin,254,cannabiscoin
875,SXC,coin,255,sexcoin
876,UFO,coin,256,uniform-fiscal-object
877,OOT,coin,257,utrum
878,POSW,coin,258,posw-coin
879,BPL,coin,259,blockpool
880,BTDX,coin,260,bitcloud
881,DNR,coin,261,denarius-dnr
882,BBP,coin,262,biblepay
883,XGOX,coin,263,xgox
884,HUSH,coin,264,hush
885,BRK,coin,265,breakout
886,V,coin,266,version
887,CRAVE,coin,267,crave
888,EFL,coin,268,e-gulden
889,GCN,coin,269,gcn-coin
890,CHC,coin,270,chaincoin
891,LDOGE,coin,271,litedoge
892,EGC,coin,272,evergreencoin
893,PUT,coin,273,putincoin
894,WSX,coin,274,wearesatoshi
895,XSG,coin,275,snowgem
896,NLX,coin,276,nullex
897,42,coin,277,42-coin
898,808,coin,278,808coin
899,ORE,coin,279,galactrum
900,BTW,coin,280,bitwhite
901,MAC,coin,281,machinecoin
902,WDC,coin,282,worldcoin
903,ARG,coin,283,argentum
904,HOLD,coin,284,interstellar-holdings
905,CREA,coin,285,creativecoin
906,VSX,coin,286,vsync-vsx
907,DGC,coin,287,digitalcoin
908,FGC,coin,288,fantasygold
909,BUN,coin,289,bunnycoin
910,XPTX,coin,290,platinumbar
911,TRUST,coin,291,trustplus
912,ZER,coin,292,zero
913,MEC,coin,293,megacoin
914,XTL,coin,294,stellite
915,XMG,coin,295,magi
916,RAIN,coin,296,condensate
917,XMCC,coin,297,monacocoin
918,ITNS,coin,298,intensecoin
919,DFT,coin,299,draftcoin
920,KOBO,coin,300,kobocoin
921,TZC,coin,301,trezarcoin
922,I0C,coin,302,i0coin
923,BTM,coin,303,bitmark
924,BYC,coin,304,bytecent
925,ODN,coin,305,obsidian
926,ADZ,coin,306,adzcoin
927,STAK,coin,307,straks
928,CASH,coin,308,cashcoin
929,OPC,coin,309,op-coin
930,MNTP,coin,310,goldmint
931,BRIA,coin,311,briacoin
932,MAZA,coin,312,mazacoin
933,UNB,coin,313,unbreakablecoin
934,VULC,coin,314,vulcano
935,FRST,coin,315,firstcoin
936,VIVO,coin,316,vivo
937,MAG,coin,317,magnet
938,IFLT,coin,318,inflationcoin
939,DEM,coin,319,deutsche-emark
940,ZNY,coin,320,bitzeny
941,PCN,coin,321,peepcoin
942,DSH,coin,322,dashcoin
943,XPD,coin,323,petrodollar
944,EL,coin,324,elcoin-el
945,INN,coin,325,innova
946,LINX,coin,326,linx
947,IC,coin,327,ignition
948,ZBC,coin,328,zilbercoin
949,VTR,coin,329,vtorrent
950,XCN,coin,330,cryptonite
951,ONX,coin,331,onix
952,BTA,coin,332,bata
953,JEW,coin,333,shekel
954,DEUS,coin,334,deuscoin
955,TROLL,coin,335,trollcoin
956,NMS,coin,336,numus
957,HPC,coin,337,happycoin
958,FJC,coin,338,fujicoin
959,UCOM,coin,339,ucom
960,SAGA,coin,340,sagacoin
961,PLAN,coin,341,plancoin
962,ZET,coin,342,zetacoin
963,MAO,coin,343,mao-zedong
964,FANS,coin,344,fantasy-cash
965,BSM,coin,345,bitsum
966,WHL,coin,346,whalecoin
967,ARCO,coin,347,aquariuscoin
968,CNT,coin,348,centurion
969,SPK,coin,349,sparks
970,ELE,coin,350,elementrem
971,KURT,coin,351,kurrent
972,PXC,coin,352,phoenixcoin
973,PROC,coin,353,procurrency
974,PURE,coin,354,pure
975,TGC,coin,355,tigercoin
976,VOT,coin,356,votecoin
977,LCP,coin,357,litecoin-plus
978,VIDZ,coin,358,purevidz
979,ACC,coin,359,adcoin
980,QBIC,coin,360,qbic
981,EMD,coin,361,emerald
982,CJ,coin,362,cryptojacks
983,CRM,coin,363,cream
984,CRC,coin,364,crowdcoin
985,OCC,coin,365,octoin-coin
986,GRLC,coin,366,garlicoin
987,XCO,coin,367,x-coin
988,SCRT,coin,368,secretcoin
989,STARS,coin,369,starcash-network
990,XSTC,coin,370,safe-trade-coin
991,$$$,coin,371,money
992,STN,coin,372,steneum-coin
993,TOK,coin,373,tokugawa
994,DSR,coin,374,desire
995,MSCN,coin,375,master-swiscoin
996,WBB,coin,376,wild-beast-block
997,LBTC,coin,377,litebitcoin
998,ZMC,coin,378,zetamicron
999,WORM,coin,379,healthywormcoin
1000,GSR,coin,380,geysercoin
1001,ADCN,coin,381,asiadigicoin
1002,PRC,coin,382,prcoin
1003,COUPE,coin,383,coupecoin
1004,CREVA,coin,384,crevacoin
1005,CONX,coin,385,concoin
1006,WOMEN,coin,386,women
1007,HMC,coin,387,harmonycoin-hmc
1008,XTO,coin,388,tao
1009,LKK,coin,389,lykke
1010,RBY,coin,390,rubycoin
1011,KLC,coin,391,kilocoin
1012,MUSE,coin,392,bitshares-music
1013,SEQ,coin,393,sequence
1014,CHIPS,coin,394,chips
1015,AC,coin,395,asiacoin
1016,MONK,coin,396,monkey-project
1017,ATMOS,coin,397,atmos
1018,ANC,coin,398,anoncoin
1019,CCRB,coin,399,cryptocarbon
1020,QRK,coin,400,quark
1021,KB3,coin,401,b3coin
1022,IXC,coin,402,ixcoin
1023,FCN,coin,403,fantomcoin
1024,TES,coin,404,teslacoin
1025,HYP,coin,405,hyperstake
1026,RC,coin,406,russiacoin
1027,BLU,coin,407,bluecoin
1028,ECN,coin,408,e-coin
1029,ADC,coin,409,audiocoin
1030,CARBON,coin,410,carboncoin
1031,HUC,coin,411,huntercoin
1032,MOTO,coin,412,motocoin
1033,NOBL,coin,413,noblecoin
1034,NKA,coin,414,incakoin
1035,UNI,coin,415,universe
1036,LOG,coin,416,woodcoin
1037,PHO,coin,417,photon
1038,DP,coin,418,digitalprice
1039,CDN,coin,419,canada-ecoin
1040,KEK,coin,420,kekcoin
1041,MAGE,coin,421,magiccoin
1042,POP,coin,422,popularcoin
1043,EQT,coin,423,equitrader
1044,UIS,coin,424,unitus
1045,MANNA,coin,425,manna
1046,ORB,coin,426,orbitcoin
1047,DCY,coin,427,dinastycoin
1048,ELLA,coin,428,ellaism
1049,MTNC,coin,429,masternodecoin
1050,FUNK,coin,430,the-cypherfunks
1051,METAL,coin,431,metalcoin
1052,UNIC,coin,432,unicoin
1053,ZENI,coin,433,zennies
1054,GRWI,coin,434,growers-international
1055,RNS,coin,435,renos
1056,UNIFY,coin,436,unify
1057,MOIN,coin,437,moin
1058,BDL,coin,438,bitdeal
1059,MXT,coin,439,martexcoin
1060,SMLY,coin,440,smileycoin
1061,DMB,coin,441,digital-money-bits
1062,FLT,coin,442,fluttercoin
1063,CAZ,coin,443,cazcoin
1064,ARC,coin,444,arcticcoin
1065,TSE,coin,445,tattoocoin
1066,INSN,coin,446,insanecoin-insn
1067,NET,coin,447,netcoin
1068,SNRG,coin,448,synergy
1069,HBN,coin,449,hobonickels
1070,BRO,coin,450,bitradio
1071,OPAL,coin,451,opal
1072,AERM,coin,452,aerium
1073,START,coin,453,startcoin
1074,BIGUP,coin,454,bigup
1075,BTB,coin,455,bitbar
1076,SUPER,coin,456,supercoin
1077,TALK,coin,457,btctalkcoin
1078,BITS,coin,458,bitstar
1079,LANA,coin,459,lanacoin
1080,Q2C,coin,460,qubitcoin
1081,SKC,coin,461,skeincoin
1082,TRI,coin,462,triangles
1083,TRK,coin,463,truckcoin
1084,BTCS,coin,464,bitcoin-scrypt
1085,HAL,coin,465,halcyon
1086,TTC,coin,466,tittiecoin
1087,FST,coin,467,fastcoin
1088,GUN,coin,468,guncoin
1089,PR,coin,469,prototanium
1090,PIGGY,coin,470,piggycoin
1091,XJO,coin,471,joulecoin
1092,TRUMP,coin,472,trumpcoin
1093,ITI,coin,473,iticoin
1094,ARI,coin,474,aricoin
1095,TAG,coin,475,tagcoin
1096,XPY,coin,476,paycoin2
1097,USC,coin,477,ultimate-secure-cash
1098,RBT,coin,478,rimbit
1099,BLC,coin,479,blakecoin
1100,BSTY,coin,480,globalboost-y
1101,EVIL,coin,481,evil-coin
1102,BTG,coin,482,bitgem
1103,BRIT,coin,483,britcoin
1104,NETKO,coin,484,netko
1105,REC,coin,485,regalcoin
1106,GOLF,coin,486,golfcoin
1107,SLG,coin,487,sterlingcoin
1108,HODL,coin,488,hodlcoin
1109,XLC,coin,489,leviar
1110,BLZ,coin,490,blazecoin
1111,PHS,coin,491,philosopher-stones
1112,CHESS,coin,492,chesscoin
1113,KUSH,coin,493,kushcoin
1114,BTCR,coin,494,bitcurrency
1115,AMMO,coin,495,ammo-reloaded
1116,CCN,coin,496,cannacoin
1117,NYAN,coin,497,nyancoin
1118,MARS,coin,498,marscoin
1119,POST,coin,499,postcoin
1120,IRL,coin,500,irishcoin
1121,DAXX,coin,501,daxxcoin
1122,SMC,coin,502,smartcoin
1123,TIT,coin,503,titcoin
1124,FRC,coin,504,freicoin
1125,RBIES,coin,505,rubies
1126,GAP,coin,506,gapcoin
1127,MNM,coin,507,mineum
1128,ATOM,coin,508,atomic-coin
1129,TOKC,coin,509,tokyo
1130,TEK,coin,510,tekcoin
1131,LTB,coin,511,litebar
1132,ICN,coin,512,icoin
1133,DTC,coin,513,datacoin
1134,XRA,coin,514,ratecoin
1135,ISL,coin,515,islacoin
1136,GLC,coin,516,globalcoin
1137,ZZC,coin,517,zozocoin
1138,MOJO,coin,518,mojocoin
1139,SIGT,coin,519,signatum
1140,J,coin,520,joincoin
1141,CUBE,coin,521,digicube
1142,UTC,coin,522,ultracoin
1143,IMX,coin,523,impact
1144,HNC,coin,524,helleniccoin
1145,DRXNE,coin,525,droxne
1146,PASL,coin,526,pascal-lite
1147,PAK,coin,527,pakcoin
1148,DUO,coin,528,parallelcoin
1149,ENT,coin,529,eternity
1150,HC,coin,530,harvest-masternode-coin
1151,MST,coin,531,mustangcoin
1152,GLT,coin,532,globaltoken
1153,LEA,coin,533,leacoin
1154,GB,coin,534,goldblocks
1155,GRIM,coin,535,grimcoin
1156,BERN,coin,536,berncash
1157,NEVA,coin,537,nevacoin
1158,C2,coin,538,coin2-1
1159,AIB,coin,539,advanced-internet-blocks
1160,CNO,coin,540,coin
1161,BANK,coin,541,bank-coin
1162,JIN,coin,542,jin-coin
1163,8BIT,coin,543,8bit
1164,SWING,coin,544,swing
1165,XRE,coin,545,revolvercoin
1166,INFX,coin,546,influxcoin
1167,888,coin,547,octocoin
1168,BUMBA,coin,548,bumbacoin
1169,XBTC21,coin,549,bitcoin-21
1170,STV,coin,550,sativacoin
1171,BOLI,coin,551,bolivarcoin
1172,DLC,coin,552,dollarcoin
1173,KED,coin,553,darsek
1174,XCT,coin,554,c-bit
1175,SPACE,coin,555,spacecoin
1176,CTO,coin,556,crypto
1177,ZUR,coin,557,zurcoin
1178,PKB,coin,558,parkbyte
1179,XCXT,coin,559,coinonatx
1180,BCF,coin,560,bitcoinfast
1181,QTL,coin,561,quatloo
1182,GRN,coin,562,granitecoin
1183,ACOIN,coin,563,acoin
1184,SRC,coin,564,securecoin
1185,HVCO,coin,565,high-voltage
1186,CHAN,coin,566,chancoin
1187,RPC,coin,567,ronpaulcoin
1188,PXI,coin,568,prime-xi
1189,SFC,coin,569,solarflarecoin
1190,CAT,coin,570,catcoin
1191,TAJ,coin,571,tajcoin
1192,DBTC,coin,572,debitcoin
1193,PLC,coin,573,polcoin
1194,BOST,coin,574,boostcoin
1195,GTC,coin,575,global-tour-coin
1196,ECO,coin,576,ecocoin
1197,ETHD,coin,577,ethereum-dark
1198,ERY,coin,578,eryllium
1199,QBC,coin,579,quebecoin
1200,BTQ,coin,580,bitquark
1201,YTN,coin,581,yenten
1202,MCRN,coin,582,macron
1203,611,coin,583,sixeleven
1204,RED,coin,584,redcoin
1205,NRO,coin,585,neuro
1206,SCS,coin,586,speedcash
1207,EUC,coin,587,eurocoin
1208,AMS,coin,588,amsterdamcoin
1209,VTA,coin,589,virtacoin
1210,ASAFE2,coin,590,allsafe
1211,SOIL,coin,591,soilcoin
1212,BOAT,coin,592,doubloon
1213,ALL,coin,593,allion
1214,HBC,coin,594,homeblockcoin
1215,MAY,coin,595,theresa-may-coin
1216,NUKO,coin,596,nekonium
1217,DRS,coin,597,digital-rupees
1218,MNC,coin,598,mincoin
1219,ICOB,coin,599,icobid
1220,BTPL,coin,600,bitcoin-planet
1221,GP,coin,601,goldpieces
1222,CON,coin,602,paycon
1223,DRM,coin,603,dreamcoin
1224,SOON,coin,604,sooncoin
1225,COAL,coin,605,bitcoal
1226,CACH,coin,606,cachecoin
1227,VISIO,coin,607,visio
1228,CMT,coin,608,comet
1229,VPRC,coin,609,vaperscoin
1230,BENJI,coin,610,benjirolls
1231,CF,coin,611,californium
1232,FUZZ,coin,612,fuzzballs
1233,ELS,coin,613,elysium
1234,SONG,coin,614,songcoin
1235,PIE,coin,615,piecoin
1236,CPN,coin,616,compucoin
1237,BIP,coin,617,bipcoin
1238,XCRE,coin,618,creatio
1239,VLT,coin,619,veltor
1240,FLAX,coin,620,flaxscript
1241,HONEY,coin,621,honey
1242,MAR,coin,622,marijuanacoin
1243,ROOFS,coin,623,roofs
1244,PNX,coin,624,phantomx
1245,GCC,coin,625,guccionecoin
1246,GPL,coin,626,gold-pressed-latinum
1247,XBTS,coin,627,beatcoin
1248,IMS,coin,628,independent-money-system
1249,VEC2,coin,629,vector
1250,LTCR,coin,630,litecred
1251,VUC,coin,631,virta-unique-coin
1252,JOBS,coin,632,jobscoin
1253,CAB,coin,633,cabbage
1254,BNX,coin,634,bnrtxcoin
1255,CRDNC,coin,635,credence-coin
1256,CXT,coin,636,coinonat
1257,ZYD,coin,637,zayedcoin
1258,ICON,coin,638,iconic
1259,PCOIN,coin,639,pioneer-coin
1260,LUNA,coin,640,luna-coin
1261,LIR,coin,641,letitride
1262,PONZI,coin,642,ponzicoin
1263,PLNC,coin,643,plncoin
1264,SLEVIN,coin,644,slevin
1265,MILO,coin,645,milocoin
1266,KRONE,coin,646,kronecoin
1267,GEERT,coin,647,geertcoin
1268,KNC,coin,648,kingn-coin
1269,ARB,coin,649,arbit
1270,CNNC,coin,650,cannation
1271,PLACO,coin,651,playercoin
1272,PEX,coin,652,posex
1273,LTCU,coin,653,litecoin-ultra
1274,SANDG,coin,654,save-and-gain
1275,BSC,coin,655,bowscoin
1276,VOLT,coin,656,bitvolt
1277,ARGUS,coin,657,argus
1278,SOCC,coin,658,socialcoin-socc
1279,GLS,coin,659,glasscoin
1280,ACP,coin,660,anarchistsprime
1281,DOLLAR,coin,661,dollar-online
1282,IBANK,coin,662,ibank
1283,CTIC2,coin,663,coimatic-2
1284,XRC,coin,664,rawcoin2
1285,ITZ,coin,665,interzone
1286,VLTC,coin,666,vault-coin
1287,NANOX,coin,667,project-x
1288,MGM,coin,668,magnum
1289,ULA,coin,669,ulatech
1290,ATX,coin,670,artex-coin
1291,LVPS,coin,671,levoplus
1292,TSTR,coin,672,tristar-coin
1293,MCO,token,36,mco
1294,AOA,token,38,aurora
1295,DIG,token,59,dignity
1296,XET,token,77,external-token
1297,TRUE,token,102,truechain
1298,LKY,token,105,linkey
1299,BHPC,token,146,bhpcash
1300,SCRL,token,155,scroll
1301,SEELE,token,156,seele
1302,EURS,token,158,stasis-eurs
1303,LBA,token,162,libra-credit
1304,BOX,token,188,contentbox
1305,WAB,token,197,wabnetwork
1306,MET,token,200,metronome
1307,VITE,token,204,vite
1308,REPO,token,212,repo
1309,SPD,token,213,spindle
1310,CNN,token,219,content-neutrality-network
1311,BBC,token,224,b2bcoin
1312,COSM,token,226,cosmo-coin
1313,FNKOS,token,228,fnkos
1314,ZPR,token,234,zper
1315,TTC,token,239,ttc-protocol
1316,ARB,token,243,arbitrage
1317,EGT,token,264,egretia
1318,UPP,token,275,sentinel-protocol
1319,TMT,token,278,traxia
1320,GOT,token,284,gonetwork
1321,LCS,token,310,local-coin-swap
1322,MOC,token,311,mossland
1323,KNT,token,312,kora-network-token
1324,BTT,token,319,blocktrade
1325,PCH,token,320,popchain
1326,ZMN,token,323,zmine
1327,AAC,token,324,acute-angle-cloud
1328,NBC,token,335,niobium-coin
1329,OPTI,token,343,optitoken
1330,ROCK2,token,361,ice-rock-mining
1331,BMX,token,363,bitmart-token
1332,EVC,token,368,eventchain
1333,OLT,token,369,oneledger
1334,BZ,token,374,bit-z-token
